Hierarchy Name,Node Id,Parent Id,Node Type,Sales Org,Region Id
NORTH_AMERICA,0,,COUNTRY,,USA
NORTH_AMERICA,1,,COUNTRY,,OTHERS
NORTH_AMERICA,2,0,SALES_ORG,1000,
NORTH_AMERICA,3,0,SALES_ORG,1100,
NORTH_AMERICA,5,1,SALES_ORG,1200,
NORTH_AMERICA,6,1,SALES_ORG,1300,
EMEA,0,,COUNTRY,,EUROPE
EMEA,1,,COUNTRY,,MIDDLE EAST& AFRICA
EMEA,2,0,SALES_ORG,1400,
EMEA,3,0,SALES_ORG,1500,
EMEA,5,1,SALES_ORG,1600,
EMEA,6,1,SALES_ORG,1700,
APAC,0,,COUNTRY,,ASIA
APAC,1,0,SALES_ORG,1800,
APAC,2,0,SALES_ORG,1900,
