SalesOrgID,CreatedOn,Status,RegionHead,ContactEmail,SalesChannel,AnnualTargetRevenue (in m),NumberOfEmployees
1000,01-01-2020,Active,Mr. John,north@sales.com,Direct,500,120
1100,31-12-2020,Active,Ms. Lucy,south@sales.com,Direct,450,100
1200,31-12-2021,Active,Mr. Das,east@sales.com,Distributor,300,80
1300,31-12-2022,Active,Mr. Iyer,west@sales.com,Distributor,350,90
1400,31-12-2023,Active,Ms. Singh,central@sales.com,Direct,400,110
1500,30-12-2024,Active,Mr. Ali,intl@sales.com,Export,800,150
1600,30-12-2025,Active,Ms. Khan,online@sales.com,E-Commerce,600,95
1700,30-12-2026,Active,Mr. Mehta,wholesale@sales.com,Wholesale,700,85
1800,30-12-2027,Inactive,Ms. Nair,retail@sales.com,Retail,650,130
1900,29-12-2028,Active,Mr. Sharma,keyaccounts@sales.com,Key Accounts,900,140
